{
    "type": "APL",
    "version": "1.1",
    "settings": {},
    "theme": "dark",
    "import": [],
    "resources": [],
    "styles": {},
    "onMount": [],
    "graphics": {},
    "commands": {},
    "layouts": {},
    "mainTemplate": {
        "parameters": [
            "payload"
        ],
        "items": [
            {
                "type": "Frame",
                "item": {
                    "type": "Image",
                    "width": "100vw",
                    "height": "100vh",
                    "source": "https://cdn.flintrehab.com/uploads/2017/04/stroke-exercises-for-arms-open.png",
                    "scale": "fill"
                },
                "backgroundColor": "white"
            }
        ]
    }
}