{
    "type": "APL",
    "version": "1.1",
    "settings": {},
    "theme": "dark",
    "import": [],
    "resources": [],
    "styles": {},
    "onMount": [],
    "graphics": {},
    "commands": {},
    "layouts": {},
    "mainTemplate": {
        "parameters": [
            "payload"
        ],
        "items": [
            {
                "type": "Image",
                "width": "100vw",
                "height": "100vh",
                "source": "https://cdn.flintrehab.com/uploads/2018/09/stroke-exercises-for-legs-knee-extensions-2.jpg",
                "scale": "fill"
            }
        ]
    }
}